Alias,Definition,Context,Context Description
508_Compliant,"508 compliant refers to adherence to Section 508 of the Rehabilitation Act, which requires that electronic and information technology developed, maintained, procured, or used by federal agencies be accessible to people with disabilities. This ensures that individuals with disabilities have comparable access to and use of information and data as those without disabilities.",p2881_learning_resource,placeholder
Accredited_By,"Accredited by refers to the official recognition or endorsement given to an institution, program, or individual by a recognized accrediting body. This accreditation signifies that the entity meets certain standards of quality and excellence. For example, a university might be accredited by a regional accrediting agency, or a professional certification program might be accredited by an industry association.",p2881_course_profile,placeholder
activity,"Any generic activity an actor can interact with, that is not an assessment",TLA Profile,ActivityType
AFSC,"An Air Force Specialty Code (AFSC) is an alphanumeric code used by the United States Air Force to identify specific jobs and career fields. Each code provides detailed information about the job’s category, specialty, and skill level.",Target_Audience,placeholder
AFSC_Series,"An AFSC Series refers to a group of related Air Force Specialty Codes (AFSCs) that fall within the same career field or occupational area. Each series encompasses various specific jobs or specialties that share common skills and responsibilities. For example, the 1N series includes different intelligence-related AFSCs, such as cryptologic linguist and geospatial intelligence.",Target_Audience,placeholder
After Action Review,Activities of this type represent an After Action Review in which an instructor reviews the performance of the learner(s),Example Flight Simulation Profile,ActivityType
Alert,Represents any kind of significant notification,Activity Streams Vocabulary,An Activity type used when leveraging the activity stream xAPI profile. 
Application,Represents any kind of software application.,Activity Streams Vocabulary,An Activity type used when leveraging the activity stream xAPI profile. 
application,Represents any kind of software application.,Activity Streams Vocabulary,ActivityType
Application,Any software application that performs specific functions.,Performance Support Profile,The Performance Support Profile was created to identify and standardize the common types of performance support concepts and interactions that can be tracked with xAPI.
application,Any software application that performs specific functions.,Performance Support Profile,ActivityType
area,An identified area inside the game world. In some games they can also be worlds. Represents an aggregation of zones.,Serious Games Profile,ActivityType
Article,"Represents objects such as news articles, knowledge base entries, or other similar construct. Such objects generally consist of paragraphs of text, in some cases incorporating embedded media such as photos and inline hyperlinks to other resources.
",Activity Streams Vocabulary,An Activity type used when leveraging the activity stream xAPI profile. 
Article,"Represents objects such as news articles, knowledge base entries, or other similar construct. Such objects generally consist of paragraphs of text, in some cases incorporating embedded media such as photos and inline hyperlinks to other resources.
",Social Media,A profile containing terms for describing the publication of and interactions with content delivered through collaborative tools and social media platforms. It is intended in part to provide an alternative to parts of the deprecated Activity Streams V1.0 vocabulary used previously.
Assess,"Assesses means to evaluate or judge the value, quality, importance, or extent of something. This process involves examining and analyzing information to make an informed decision or judgment.",p2881-core,placeholder
Assessment,An assessment is an activity that determines a learner's mastery of a particular subject area. An assessment typically has one or more questions.,SCORM Profile,"The SCORM profile includes Verbs, Activity Types and xAPI Document definitions used to represent SCORM learning experiences in xAPI."
assessment,An assessment is an activity type that determines a learner’s mastery of a particular subject area. An assessment typically has one or more questions.,SCORM Profile,ActivityType
Assessment,Any generic exercise that assesses the user's level of competence.,TLA Profile,"The TLA profile includes Verbs, Activity Types, Extensions, and xAPI document definitions used to represent distributed learning experiences in xAPI."
assessment,Any generic exercise that assesses the user's level of competence.,TLA Profile,ActivityType
attempt,An attempt is a discrete set of learner experiences in an activity. This activity gives systems the ability to uniquely identify experiences when they may have happened in different interactions with the same activity.,SCORM Profile,ActivityType
Audience,The audience is a group of people who are the intended recipients of a learning resource or a learning event.,Target_Audience,placeholder
Audio,Represents audio content of any kind. Objects of this type MAY contain an additional property as specified in Section 3.1.,Activity Streams Vocabulary,An Activity type used when leveraging the activity stream xAPI profile. 
Audio,A recording of audio content,Audio Profile,The audio profile of the xAPI was created to identify and standardize the common types of interactions that can be tracked in any audio player.
audio_1,Represents audio content of any kind. Objects of this type MAY contain an additional property as specified in Section 3.1.,Activity Streams Vocabulary,ActivityType
Audio_Transcript,"An audio transcript is a written or typed version of the spoken content from an audio recording, meeting, or video. It captures the dialogue and any relevant sounds, providing a text-based record that can be reviewed, shared, or archived.",p2881_technical_information,placeholder
Badge,Represents a badge or award granted to an object (typically a person object),Activity Streams Vocabulary,An Activity type used when leveraging the activity stream xAPI profile. 
badge,Represents a badge or award granted to an object (typically a person object).,Activity Streams Vocabulary,ActivityType
Badge,An online badge that is earned after achieving multiple related competencies,TLA Profile,"The TLA profile includes Verbs, Activity Types, Extensions, and xAPI document definitions used to represent distributed learning experiences in xAPI."
badge_1,An online badge that is earned after achieving multiple related competencies,TLA Profile,ActivityType
Binary,"Objects of this type are used to carry arbitrary Base64-encoded binary data within an Activity Stream object. It is primarily intended to attach binary data to other types of objects through the use of the attachments property. Objects of this type will contain the additional properties specified in Section 3.2. This activity type is included for data conversion with Activity Streams, it's not recommended for use in new Tin Can statements.",Activity Streams Vocabulary,placeholder
Bitrate,"Bitrate refers to the amount of data processed or transmitted per unit of time, typically measured in bits per second (bps). In the context of audio and video, a higher bitrate generally means better quality, as more data is used to represent the media.",p2881_technical_information,placeholder
block,A block is a grouping unit in a hiearchical (tree) structure representing a course with Assignable Units as the lowest descendant (leaves).  Each block must contain at least one Assignable Unit descendant.  Progress (completion/success) for each block is rolled up in to complete a higher level block.,cmi5 Profile,ActivityType
Blog,"A regularly updated website or web page, typically one authored by an individual or small group, that is written in an informal or conversational style.",TinCan Vocabulary,A list of vocabulary concepts originally created in the TinCan registry.
Book,"A book, generally paper, but could also be an ebook. The Activity's ID will often include an ISBN though it is not required. The Definition can likely leverage the ISBN extension, 'http://id.tincanapi.com/extension/isbn', if known.",TinCan Vocabulary,A list of vocabulary concepts originally created in the TinCan registry.
bookmark,"Represents a pointer to some URL, typically a web page. In most cases, bookmarks are specific to a given user and contain metadata chosen by that user. Bookmark Objects are similar in principle to the concept of bookmarks or favorites in a web browser. A bookmark represents a pointer to the URL, not the URL or the associated resource itself. Objects of this type SHOULD contain an additional targetUrl property whose value is a String containing the IRI of the target of the bookmark.",Activity Streams Vocabulary,ActivityType
career,"An outline of jobs and their requirements in a career, usually used to outline the expected learning path",TLA Profile,ActivityType
career state,"An attribute of one service that has distinct competency requirements, levels of mastery, training requirements associated with it",TLA Profile,ActivityType
Category,A further descriptive level for verbs within KSAs.,DOD ISD,"Verbs and extensions for use in creating DOD IMI, per MIL-HDBK-29612-1A."
Category,Activity generally used in the category Context Activities lists to mark a statement as being related to a particular subject area. Distinct from tag in that it is used in conjunction with Subcategory to imply a hierarchy of categorization.,TinCan Vocabulary,A list of vocabulary concepts originally created in the TinCan registry.
certificate,A document attesting to the fact that a person has completed an educational course.,TinCan Vocabulary,ActivityType
Chapter,"It's to indicate the chapter this statement is related to, used for ebook in AcrossX.",AcrossX Profile,AcrossX Profile
Chapter,A chapter of a book or e-book.,TinCan Vocabulary,A list of vocabulary concepts originally created in the TinCan registry.
Chapters,"Chapters are the main divisions of a book, typically numbered or titled, that help organize the content into manageable sections. Each chapter usually focuses on a specific part of the story or subject matter, making it easier for readers to follow and understand the material.",p2881_technical_information,placeholder
Chat Channel,"A channel, room or conversation within an instant chat application such as Slack.",TinCan Vocabulary,A list of vocabulary concepts originally created in the TinCan registry.
Chat Message,A message sent or received within the context of an instant chat platform such as Slack. The id of this activity should uniquely identify the particular chat message.,TinCan Vocabulary,A list of vocabulary concepts originally created in the TinCan registry.
Checklist,"A list of tasks to be completed, names to be consulted, conditions to be verified and similar.",TinCan Vocabulary,A list of vocabulary concepts originally created in the TinCan registry.
Checklist Item,An individual item contained in a checklist.,TinCan Vocabulary,A list of vocabulary concepts originally created in the TinCan registry.
class section,"In a hyflex classroom, there are multiple options available, and it's possible to divide one class into multiple sections.",HyFlex classroom profile,ActivityType
CMI Interaction,"An interaction is typically a part of a larger activity (such as an assessment, game, or simulation) and refers to a control to which a learner provides input. An interaction can be either an asset or function independently.",SCORM Profile,"The SCORM profile includes Verbs, Activity Types and xAPI Document definitions used to represent SCORM learning experiences in xAPI."
cmi.interactions,"Interaction activities of ""cmi.interaction"" type as defined in the SCORM 2004 4th Edition Run-Time Environment.",SCORM Profile,SCORM 2004 4th Edition
COA_ID,"A COA ID refers to the unique identifier assigned to a Certificate of Analysis (COA). A COA is a document that verifies a product’s quality, safety, and compliance with specified standards.",RRL_performance_support_video,placeholder
Code Commit,A commit to a code repository e.g. Github.,TinCan Vocabulary,A list of vocabulary concepts originally created in the TinCan registry.
collaboration,"The activity involving multiple actors working together on an assignment, a project, a problem-solving challenge or a cause.",AcrossX Profile,ActivityType
Collection,"Represents a generic collection of objects of any type. This object type can be used, for instance, to represent a collection of files like a folder; a collection of photos like an album; and so forth. Objects of this type MAY contain an additional objectTypes property whose value is an Array of Strings specifying the expected objectType of objects contained within the collection. This activity type is included for data conversion with Activity Streams, it's not recommended for use in new Tin Can statements",Activity Streams Vocabulary,An Activity type used when leveraging the activity stream xAPI profile. 
Collection,"Represents a generic collection of objects of any type. This object type can be used, for instance, to represent a collection of files like a folder; a collection of photos like an album; and so forth. Objects of this type MAY contain an additional objectTypes property whose value is an Array of Strings specifying the expected objectType of objects contained within the collection. It may also include the extension content-type. This term is recommended for use in place of the deprecated term 'collection' as found in the Activity Streams profile.",Content Repository,"This is a profile for describing content repository items and interactions with content items. These include materials published to CMS, LMS etc. It provides new terms and also alternatives to terms that otherwise are found only in deprecated profiles such as Activity Streams 1.0."
Comment,Represents a textual response to another object. Objects of this type MAY contain an additional inReplyTo property whose value is an Array of one or more other Activity Stream Objects for which the object is to be considered a response.,Activity Streams Vocabulary,An Activity type used when leveraging the activity stream xAPI profile. 
Community Site,"A space on a social platform (or other platform with social features) for a community to communicate, share and collaborate. For example a Google Plus Community, a Facebook Group, a Jive Space or a Pathgather Gathering.",TinCan Vocabulary,A list of vocabulary concepts originally created in the TinCan registry.
Competencies_Asserted,"Competencies asserted refers to the specific skills, knowledge, or abilities that an individual claims to possess or has demonstrated. These competencies are often verified through assessments, certifications, or practical experiences",p2881_course_profile,placeholder
competency,"A knowledge, skill, ability, or other object needed to perform in a given task",TLA Profile,ActivityType
concentration,Indicator of how engaged a student is in a hyflex class.,HyFlex classroom profile,ActivityType
Conference,A formal meeting which includes presentations or discussions.,TinCan Vocabulary,A list of vocabulary concepts originally created in the TinCan registry.
Conference Session,"A single presentation, discussion, gathering, or panel within a conference.",TinCan Vocabulary,A list of vocabulary concepts originally created in the TinCan registry.
Conference Track,A specific field of study within a conference.,TinCan Vocabulary,A list of vocabulary concepts originally created in the TinCan registry.
content set,Any generic collection of activities and/or assessment activities,TLA Profile,ActivityType
controller,A game controller whose input affects the action in an activity. Game controllers are common in non-pc games. This activity represents this device.,Serious Games Profile,placeholder
Cost,"Cost refers to the amount of money required to purchase, produce, or maintain something. It represents the financial expenditure associated with acquiring goods, services, or resources.",p2881_course_profile,placeholder
Course,A course represents an amount of content that is published and registered into with the purpose of gaining completion. It is represented with a Course Structure Format in cmi5 as the highest level of content (above Block and AU).,cmi5 Profile,"This specification describes interoperable runtime communication between Learning Management Systems (LMS) and Assignable Units (AU). The runtime communication and behavior of all parts of the system are carefully described in the full specification, which can be found at https://github.com/AICC/CMI-5_Spec_Current/blob/quartz/cmi5_spec.md . This is a structured representation of cmi5 concepts, statement structure, and statement communications patterns that the additional rules in the full specification build upon and provide the definitive interpretation of."
Course,"A course represents an entire “content package” worth of material. The largest level of granularity. Unless flat, a course consists of multiple modules.",SCORM Profile,"The SCORM profile includes Verbs, Activity Types and xAPI Document definitions used to represent SCORM learning experiences in xAPI."
Course_ID,"Course ID refers to a unique identifier assigned to a specific course within an educational institution or learning management system. It helps in distinguishing one course from another and is often used for registration, tracking, and administrative purposes.",p2881_course_profile,placeholder
Course_URL,"Course URL refers to the specific web address or link that directs users to the online location of a course. This URL provides access to course materials, information, and resources.",p2881_course_profile,placeholder
CourseProviderName,? Wasn't there,p2881_course_profile,placeholder
credential,An authoritative statement that the learner can perform the task.,BOLL Profile,ActivityType
credential,An authrotative statement that the recipient can perform a task,TLA Profile,ActivityType
Credentials_Conferred,"Credentials conferred refers to the official recognition or qualifications awarded to an individual upon the successful completion of a course, program, or certification. These credentials validate the individual’s skills, knowledge, or achievements.",p2881_course_profile,placeholder
Curatr Organisation,An organisation within the Curatr platform. This is a collection of learners and courses.,Activity Streams Vocabulary,An Activity type used when leveraging the activity stream xAPI profile. 
cutscene,"A non-interactive scene that can be skipped. A cutscene is a non-interactive scene within the game (e.g., a video, a conversation, an automated sequence). The player can usually skip them pressing some button.",Serious Games Profile,ActivityType
Date_Published,"Date published refers to the specific date on which a learning resource (e.g., a book, article, or other content) is officially made available to the public.",p2881_learning_resource,placeholder
Delivery_Method,"A delivery method refers to the approach or technique used to present and distribute educational content or training to learners. It encompasses various formats such as in-person instruction, online courses, blended learning, and self-paced modules.",p2881_learning_resource,placeholder
Demonstrates,"Demonstrates means to show or make something clear through actions, examples, or evidence. It involves proving or illustrating a concept, skill, or fact in a way that others can understand.",p2881-core,placeholder
Description,"                A description is a text-based detailing or explanation about the characteristics of someone or something. In the context of learning resource, it explains the key features, content, and benefits of the resource. This helps potential users understand what the resource offers and how it can aid their learning. For example, a description might highlight the topics covered, the format of the material, and any unique aspects that make the resource valuable for learners. Description may include an abstract, a table of contents, a graphical representation, or a free-text account of the resource.",p2881-core,placeholder
Device,Represents a device of any sort.,Activity Streams Vocabulary,An Activity type used when leveraging the activity stream xAPI profile. 
dialog-tree,"An alternative presented during a conversation with an non-playable character. Dialog trees are a common mechanic in video games, where players can answer questions to NPC. This activity represents that type of alternative.",Serious Games Profile,ActivityType
Discussion,"Represents an ongoing conversation between persons, such as an email thread or a forum topic.",TinCan Vocabulary,A list of vocabulary concepts originally created in the TinCan registry.
Document,"An electronic document of the type produced by office productivity software such as a word processing document, spreadsheet, slides etc.",TinCan Vocabulary,A list of vocabulary concepts originally created in the TinCan registry.
Doubt,"Refers to something that the actor needs to cast light on, something that can be answered or solved.",TinCan Vocabulary,A list of vocabulary concepts originally created in the TinCan registry.
Duration,"Duration refers to the length of time something lasts or continues. It can be used to describe the time span of an event, activity, or condition. For example, if you have a class that is held weekly for 90 minutes over 9 weeks. The duration is 9 weeks. In this example, the Time Required is 810 minutes.",p2881_learning_event,placeholder
duty,An outline of the duties and requirements to perform these duties for a given position,TLA Profile,Derived from job/duty/gig
e-book,"A book in electronic form as a document, file, or interactive application with optional formatting and control features.",AcrossX Profile,ActivityType
Education_Level,"An education level refers to the highest degree or stage of formal education that an individual has completed. It indicates the extent of one’s academic achievements, ranging from elementary education to advanced degrees like a Ph.D.",Target_Audience,placeholder
Email,Electronic message sent over a computer network from a sender to one or many recipients.,TinCan Vocabulary,A list of vocabulary concepts originally created in the TinCan registry.
Embedded Strategy,Refers to a functionality embedded in the software system to facilitate the implementation of a strategy.,TinCan Vocabulary,A list of vocabulary concepts originally created in the TinCan registry.
End_Date,"End date refers to the specific day on which an event, project, or activity concludes. It marks the final day of a period or schedule.",p2881_learning_event,placeholder
enemy,A game object that poses a threat inside the game world. Enemies are common elements in video games. Defeating them indicates a player accomplishment.,Serious Games Profile,ActivityType
Essay,"A short literary composition on a single subject, usually presenting the personal view of the author.",TinCan Vocabulary,A list of vocabulary concepts originally created in the TinCan registry.
Event,Represents an event that occurs at a certain location during a particular period of time. Objects of this type MAY contain the additional properties specified in Section 3.3.,Activity Streams Vocabulary,An Activity type used when leveraging the activity stream xAPI profile. 
Event_Schedule,"Event schedule refers to a detailed plan or timetable outlining the dates, times, and sequence of activities or sessions for an event. It provides a structured overview of what will happen and when, helping participants and organizers stay informed and organized.",p2881_learning_event,placeholder
face-to-face-discussion,An exchange or communication on a topic by two or more actors in-person taking place in a physical location.,AcrossX Profile,ActivityType
feedback on class,Actors can submit feedback on the  hyflex class.,HyFlex classroom profile,ActivityType
File,Represents any form of document or file. Objects of this type MAY contain an additional fileUrl property whose value a dereferenceable IRI that can be used to retrieve the file; and an additional mimeType property whose value is the MIME type of the file described by the object.,Activity Streams Vocabulary,An Activity type used when leveraging the activity stream xAPI profile. 
File,"A file is similar to a link, only the resource is more likely to be used at a) a different time, b) can be used offline, and/or c) could be used with a different system. Only the expectation changes. Files are not considered learning content or SCOs. If a file is intended for this purpose, it should be re-categorized.",ADL Vocabulary,The ADL vocabulary list includes Verbs and Activity Types used to represent common learning experiences in xAPI.
flashcard,A single flashcard used for retrieval practice or memorization.,Flashcards,ActivityType
flashcard deck,A deck of flashcards used for retrieval practice or memorization.,Flashcards,ActivityType
flight plan,Activities of this type represent the strategy created by the pilot for the flight they're going to take within the simulation such that key tasks provided by the instructor are followed,Example Flight Simulation Profile,ActivityType
flight-operation,an activity type to encompass flying activities which do not fall under other activity types,Flying Profile,ActivityType
Format,"Format refers to the specific structure or arrangement of data within a file, which determines how the information is stored and displayed. Examples of file formats include PDF, DOCX, and JPEG.",p2881_learning_resource,placeholder
Forum Reply,Any post in a forum or discussion board thread that isn't the first.,TinCan Vocabulary,A list of vocabulary concepts originally created in the TinCan registry.
Forum Topic,The first post in a thread on a forum or discussion board.,TinCan Vocabulary,A list of vocabulary concepts originally created in the TinCan registry.
Framerate,"Framerate refers to the frequency at which consecutive images, known as frames, are displayed in a video or animation. It is typically measured in frames per second (FPS). A higher framerate results in smoother motion, while a lower framerate can make the video appear choppy.",p2881_technical_information,placeholder
freetext annotation,"Indicates an annotation made to a document of the freetext form. This is a string of text written direction onto the document at a specified location. Freetext annotations can be added anywhere on the page. Unlike note annotations, they have no border or background.",PDF Annotator,ActivityType
Game,Represents a game or competition of any kind.,Activity Streams Vocabulary,An Activity type used when leveraging the activity stream xAPI profile. 
Game level,A level of a game or gamifed learning platform.,Activity Streams Vocabulary,An Activity type used when leveraging the activity stream xAPI profile. 
gig,An outline of the duties and requirements to perform these duties for a given position,TLA Profile,Derived from job/duty/gig
Goal,"A goal is something that the actor wants to achieve, the purpose of doing a task or group of tasks. It can have subtasks and subgoals.",TinCan Vocabulary,A list of vocabulary concepts originally created in the TinCan registry.
grade classification,"Represents a grade given or received within a particular context, for example ‘distinction’ within XYZ music test or ‘A’ for ABC qualification.",TinCan Vocabulary,ActivityType
ground-training-assessment,An assessment given as part of a ground training syllabus event,Ground Training,ActivityType
ground-training-lesson,An instructor-led lecture or demonstration that is part of a ground training syllabus event,Ground Training,ActivityType
Group,Represents a grouping of objects in which member objects can join or leave.,Activity Streams Vocabulary,An Activity type used when leveraging the activity stream xAPI profile. 
HasAdaptation,"The term HasAdaptation is used to indicate that an item or CreativeWork includes an adaptation of another item or CreativeWork. This relationship highlights that the current work has been modified or adjusted from its original form to fit a new context, format, or audience.",p2881_relationships,placeholder
HasEvent,"The term HasEvent is used to indicate that an item or entity includes or is associated with an event. This relationship helps to specify that the item has one or more events linked to it, providing context and detail about its occurrences or activities",p2881_relationships,placeholder
HasPart,The term HasPart is used to indicate that an item or CreativeWork includes another item or CreativeWork as a component or part of it. This relationship helps to define the composition of complex items by specifying their individual parts.,p2881_relationships,placeholder
HasVersion,"The term HasVersion is used to indicate that an item or CreativeWork has a specific version or edition. This relationship helps to identify and manage different versions of the same item, ensuring clarity and organization in version control.",p2881_relationships,placeholder
highlight video,A video showcasing the actor's outstanding performance during the class.,HyFlex classroom profile,ActivityType
highlighted text annotation,An annotation of the highlight type. Highlights are used to mark strings of text in a document with a color. This activity type should only be used for highlighted text and not for highlighted images or other elements.,PDF Annotator,ActivityType
Hull_Configuration,"Hull configuration refers to the design and arrangement of a boat or ship’s hull, which is the main body of the vessel. This includes the shape, structure, and layout of the hull, which significantly impact the vessel’s performance, stability, and handling characteristics",RRL_performance_support_video,placeholder
Hull_ID,"A Hull ID (Hull Identification Number or HIN) is a unique 12-character serial number assigned to ships or boats. It helps to identify and track each vessel, similar to a Vehicle Identification Number (VIN) for cars.",RRL_performance_support_video,placeholder
Hull_Name,A Hull Name typically refers to the name given to a boat or ship. This name is often displayed on the hull (the main body) of the vessel and is used for identification and registration purposes.,RRL_performance_support_video,placeholder
Image,"Represents a graphical image. Objects of this type MAY contain an additional fullImage property whose value is an Activity Streams Media Link to a ""full-sized"" representation of the image.",Activity Streams Vocabulary,An Activity type used when leveraging the activity stream xAPI profile. 
Image,"A visual representation of something. It may be used to denote a viewable object such as a drawing, painting or printed image, but may also refer to a digitised file that can be interpreted by image rendering software, for example a file in a format such as gif, png or jpeg.",Content Repository,"This is a profile for describing content repository items and interactions with content items. These include materials published to CMS, LMS etc. It provides new terms and also alternatives to terms that otherwise are found only in deprecated profiles such as Activity Streams 1.0."
Image,"A digital representation of a resource such as a photograph, diagram, or illustration.",Performance Support Profile,The Performance Support Profile was created to identify and standardize the common types of performance support concepts and interactions that can be tracked with xAPI.
image,"A digital representation of a resource such as a photograph, diagram, or illustration.",Performance Support Profile,ActivityType
instant-response-system,An activity that allows instructors to create slides with embedded quizzes/polling questions to collect responses and get reporting instantly during class.,AcrossX Profile,ActivityType
Instructional_Method,"An instructional method refers to the strategies and techniques that educators use to deliver information and facilitate learning in the classroom. These methods can be teacher-centered or student-centered, high-tech or low-tech, and they aim to create an effective and engaging learning environment.",p2881_learning_resource,placeholder
Instructor,"Instructor refers to an individual who teaches or provides guidance in a particular subject or skill. They are responsible for delivering educational content, facilitating learning, and assessing student progress",p2881_course_profile,placeholder
Instructor_Bio,"Instructor bio refers to a brief summary of an instructor’s professional background, qualifications, and achievements. It typically includes information about their education, teaching experience, areas of expertise, and any notable accomplishments.",p2881_course_profile,placeholder
Interaction,An interaction is typically a part of a larger activity (such as assessment or simulation) and refers to a control to which a learner provides input. An interaction can be either an asset or function independently.,Activity Streams Vocabulary,An Activity type used when leveraging the activity stream xAPI profile. 
Interactivity_Level,"Interactivity level refers to the degree of engagement and interaction between users and a system, content, or environment. It measures how actively users can participate, influence, and receive feedback from the system. Higher interactivity levels involve more dynamic and reciprocal exchanges, such as interactive simulations or real-time feedback, while lower levels might include static content with minimal user input.",p2881_learning_resource,placeholder
Is_Same_As,"“Is Same As” is a term used to indicate that two items, concepts, or entities are identical or equivalent in all relevant aspects.",p2881_relationships,placeholder
IsAdaptationOf,"               The term IsAdaptationOf is used to indicate that an item or CreativeWork is a modified version of another item or CreativeWork. This relationship highlights that the current work has been adapted from the original, often involving changes to fit a new format, audience, or context""",p2881_relationships,placeholder
IsEventOf,The term IsEventOf is used to indicate that an event is associated with or part of a larger item or context. This relationship helps to define how the event fits within a broader framework or system.,p2881_relationships,placeholder
IsPartOf,"The term IsAdaptationOf is used to indicate that an item or CreativeWork is a modified version of another item or CreativeWork. This relationship highlights that the current work has been adapted from the original, often involving changes to fit a new format, audience, or context.",p2881_relationships,placeholder
IsRelatedTo,"The term IsRelatedTo is used to indicate a connection or relationship between two items, entities, or concepts. This relationship can be based on various factors such as function, context, or association.",p2881_relationships,"In the notion of a graph, this is useless because it is implied with any arrow that they are related"
IsRelatedTo_Equipment,"Refers to the specific tools, devices, or machinery used at a designated location to perform a particular procedure.",RRL_performance_support_video,placeholder
IsRelatedTo_Location_Ship_System,"Refers to the specific area or component within a ship where a particular procedure is to be carried out. This term is used to ensure that maintenance, repairs, or operational tasks are performed in the correct location, enhancing efficiency and safety.",RRL_performance_support_video,placeholder
IsRelatedTo_Location_Subsystem,Refers to a specific component or module within a larger system that is responsible for identifying and managing the exact locations where procedures are to be performed.,RRL_performance_support_video,"Rather than get into the hierarchy here, the systems can"
IsRelatedTo_Location_System,"Refers to a framework or method used to identify and specify the exact location where a procedure is to be performed. This system ensures that tasks are carried out in the correct place, enhancing efficiency, safety, and accuracy",RRL_performance_support_video,"Rather than get into the hierarchy here, the systems can"
Issue,"Represents a report about a problem or situation that needs to be resolved. For instance, the issue object can be used to represent reports detailing software defects, or reports of acceptable use violations, and so forth. Objects of this type MAY contain the additional properties specified in Section 3.4.",Activity Streams Vocabulary,An Activity type used when leveraging the activity stream xAPI profile. 
IsVersionOf,"The term IsVersionOf is used to indicate that an item or CreativeWork is a version, edition, or adaptation of another item or CreativeWork. This relationship highlights that the current work has undergone substantive changes from the original.",p2881_relationships,placeholder
item,A collectable game object whose use or interaction results in an effect in a game. Items are common elements in video games. Players can collect/use/combine them.,Serious Games Profile,ActivityType
Job,Represents information about a job or a job posting.,Activity Streams Vocabulary,An Activity type used when leveraging the activity stream xAPI profile. 
Job,An outline of the duties and requirements to perform these duties for a given position.,TLA Profile,"The TLA profile includes Verbs, Activity Types, Extensions, and xAPI document definitions used to represent distributed learning experiences in xAPI."
Job Title,The title of a person's job. May be used with the http://id.tincanapi.com/verb/was-assigned-job-title verb.,TinCan Vocabulary,A list of vocabulary concepts originally created in the TinCan registry.
Journal Article,"Smaller than a book, an article is devoted to a particular topic and is typically written by a specialist or expert in the subject. These are published in collections (Journals).",Content Repository,ActivityType
Key_Words,"Keywords are specific terms or phrases that capture the essential topics or themes of a document, resource, or piece of content. They are used to facilitate search and retrieval by summarizing the main points in a concise manner",p2881-core,placeholder
keyboard,"A keyboard whose keystrokes affects the action in an activity. Somes games can receive inputs from keyboards: physical keyboards in a PC, or virtual keyboards in a smartphone screen. This activity represent both.",Serious Games Profile,ActivityType
Language,"Language refers to a system of communication used by a particular community or country, consisting of spoken, written, or signed words and the rules for combining them. It enables people to express thoughts, ideas, emotions, and information.",p2881_learning_resource,placeholder
Learning_Event_Type,"Learning Event Type refers to the specific category or classification of a learning activity or experience. It identifies the nature of the event, such as a lecture, workshop, online course, hands-on training, or assessment. This classification helps in organizing and tracking different kinds of learning experiences within an educational or training program.",p2881_learning_event,placeholder
Learning_Outcome,"Learning outcome refers to a specific skill, knowledge, or ability that students are expected to achieve as a result of engaging in a particular educational activity or course. It clearly defines what learners should know, understand, or be able to do by the end of the learning experience.",p2881_course_profile,placeholder
Learning_Resource_Type,"A learning resource is any material or tool used to support and enhance the learning process. These resources can include textbooks, videos, online courses, worksheets, and interactive software. Learning resources help educators convey information effectively and assist learners in understanding and retaining knowledge. A learning resource type refers to the specific category or format of a learning resource. It identifies the nature of the material used to support education and training. Examples of learning resource types include textbooks, videos, interactive software, worksheets, and online courses.",p2881_learning_resource,placeholder
learning-plan,"Used to plan and organize learning activities from different activity providers. It could be built by instructors, learning designers or learners.",AcrossX Profile,ActivityType
Legacy Learning Standard,"Activity representing a statement generated by a course originally implemented in a legacy learning standard such as SCORM 1.2, 2004, or AICC.",TinCan Vocabulary,A list of vocabulary concepts originally created in the TinCan registry.
lesson,"A lesson is learning content that may or may not take on the form of a SCO (formal, tracked learning). A lesson may stand-alone or may be part of a larger course.",SCORM Profile,ActivityType
level,A level of a game or of a gamified learning platform. A level is logic partition of progression in any video game. Completing a level means advancing in the progression of the game.,Serious Games Profile,ActivityType
Licensing,"Licensing refers to the process of granting legal permission to an individual or entity to use, produce, or sell a product, service, or intellectual property under specific conditions. This agreement outlines the rights and responsibilities of both the licensor (the one granting the license) and the licensee (the one receiving the license).",p2881_learning_resource,placeholder
Link,"A link is simply a means of expressing a link to another resource within, or external to, an activity. A link is not synonymous with launching another resource and should be considered external to the current resource. Links are not learning content, nor SCOs. If a link is intended for this purpose, it should be re-categorized.",ADL Vocabulary,"This should align with the SCD term ""resourceAssociation"""
LMS,"Learning Management System. At it's core, a platform used to launch and track learning experiences. Many LMS also have a number of other additional features.",TinCan Vocabulary,A list of vocabulary concepts originally created in the TinCan registry.
lms-course,"
A course represents an amount of content that is published and registered on an LMS with the purpose of gaining completion.",BOLL Profile,ActivityType
Location,"Location refers to a specific place or position where a something is situated or occurs. It can describe a physical address, a geographical area, or a designated spot within a larger context. For example, the location of a class might be a classroom, a city or country.",p2881_learning_event,placeholder
LRS_Endpoint,"LRS Endpoint refers to a specific URL or address used to send and receive data to and from a Learning Record Store (LRS). An LRS is a system that stores learning records generated by various learning activities, typically in the form of xAPI statements. The endpoint acts as the access point for these interactions, enabling the tracking and retrieval of learning data.",p2881_learning_resource,placeholder
maneuver,A named maneuver completed during a sortie. ,Flying Profile,ActivityType
Maximum_Attendance,"Maximum attendance refers to the highest number of participants or attendees allowed at an event, venue, or activity. It sets the upper limit on how many people can be present, often due to space, safety, or regulatory considerations.",p2881_course_profile,placeholder
Media,"Media refers to text, audio, or video used to convey information. Media can be consumed (tracked: completed), but doesn't have an interactive component that may result in a score, success, or failure.",ADL Vocabulary,The ADL vocabulary list includes Verbs and Activity Types used to represent common learning experiences in xAPI.
Meeting,A meeting is a gathering of multiple people for a common cause or interest.,ADL Vocabulary,The ADL vocabulary list includes Verbs and Activity Types used to represent common learning experiences in xAPI.
menu,A list of options in a software interface presented to a user to act on. A menu can be an entire user interface or only part of one. The menu Activity is the parent of the menu-item Activity.,Navy Common Reference Profile,ActivityType
menu,"A menu with several buttons/options whose selection produces different effects. Represents a menu, integrated in the user interface (UI), with several a options.",Serious Games Profile,ActivityType
menu-item,A single option in a software interface’s menu list of options. The menu-item is a child of the menu Activity.,Navy Common Reference Profile,ActivityType
message,Information that is communicated by or to or between individual actors or groups of actors.,AcrossX Profile,ActivityType
Module,"A module represents any ""content aggregation"" at least one level below the course level. Modules of modules can exist for layering purposes. Modules are not content. Modules are one level up from all content.",SCORM Profile,"The SCORM profile includes Verbs, Activity Types and xAPI Document definitions used to represent SCORM learning experiences in xAPI."
mouse,A mouse device whose clicks and movement affects the action in an activity. PC games are usually controlled by mouse interaction. This activity represents this device.,Serious Games Profile,ActivityType
MRC_ID,"""In the Navy, an MRC ID refers to the unique identifier assigned to a Maintenance Requirement Card (MRC). An MRC outlines the specific maintenance tasks required for a piece of equipment to ensure its operational readiness and reliability. The MRC ID helps in organizing, tracking, and referencing these cards within the Navy's maintenance management systems.",RRL_performance_support_video,Likely split this into MRC as well and just called it Id of MRC
Navy_Rating,"A Navy rating is a classification that denotes the specific skills and occupational specialties of enlisted personnel in the U.S. Navy. Each rating represents a particular job or role, such as Boatswain's Mate or Electronics Technician, and is identified by a unique badge worn on the uniform.",Target_Audience,placeholder
NEC,"The Navy Enlisted Classification (NEC) system is used to identify and document the specific skills, knowledge, and qualifications of enlisted personnel. Each NEC code represents a particular non-rating-wide skill or aptitude that is necessary for certain billets and roles within the Navy.",Target_Audience,Call this out as NEC?  Kind of like LRS?
non-player-character,A character that can offer a conversation or other type of interaction inside a game. Players usually have conversations with non-player characters.,Serious Games Profile,ActivityType
Note,Refers to an object that was annotated as part of the activity.,AcrossX Profile,AcrossX Profile
Note,"Represents a short-form text message. This object is intended primarily for use in ""micro-blogging"" scenarios and in systems where users are invited to publish short, often plain-text messages whose useful lifespan is generally shorter than that of an article of weblog entry. A note is similar in structure to an article, but typically does not have a title or distinct paragraphs and tends to be much shorter in length.",Activity Streams Vocabulary,An Activity type used when leveraging the activity stream xAPI profile. 
note annotation,Indicates an annotation made to a document of the note form. This is a string of text appended to the document at a specified location. Note annotations can be added anywhere on the page. This activity type should not be used for other types of note that are not annotations to a document.,PDF Annotator,ActivityType
Object_ID,"An Object ID is a unique identifier assigned to an object within a database or system. It helps to distinguish one object from another, ensuring that each object can be individually accessed and managed. This is particularly useful in contexts like databases, programming, and digital asset management.",RRL_performance_support_video,placeholder
Objective,An objective determines whether competency has been achieved in a desired area. Objectives typically are associated with questions and assessments. Objectives are not learning content and cannot be SCOs.,SCORM Profile,"Rubric criterion will need its own definition.  Can people agree on ""objective""- like a measurable / calculatable competency?"
Offer,Represents an offer of any kind.,Activity Streams Vocabulary,An Activity type used when leveraging the activity stream xAPI profile. 
Offered_By,"Offered by indicates the source or provider of a service, product, or opportunity. It specifies who is making something available. For example, a course might be offered by a university, or a discount might be offered by a store.",p2881_learning_resource,placeholder
On Demand Lab,A virtual lab built upon request which is used to prepare for a certification or elevated permissions.,TinCan Vocabulary,A list of vocabulary concepts originally created in the TinCan registry.
online-discussion,An exchange or communication on a topic by two or more actors in-person taking place online or virtually.,AcrossX Profile,ActivityType
Organization,Represents an organization of any kind.,Activity Streams Vocabulary,An Activity type used when leveraging the activity stream xAPI profile. 
Organization,"An organizational construct to structure content outside the organizational concepts specified in a profile. In most cases, organization activities are contextActivities (e.g., a parent), not the objects of statements.",Navy Common Reference Profile,"The Navy Common Reference Profile provides general types of tracking activities can be reused across multiple types of content with other Navy xAPI Profiles. Other, more specific, Navy xAPI Profiles can also reference and reuse the common xAPI Activities described in this document."
Organization,"An organization such as a company, which may hire, fire and promote employees.",TinCan Vocabulary,"May consider place where humans work...but then there are comptencies, owner, etc.  Could be an actor that is an organization..."
Owned_By,"Owned by indicates possession or control over something by a person, group, or entity. It specifies who holds the legal rights to a learning resource.",p2881_learning_resource,placeholder
Page,The single representation of a specific page number and the content on that page in any digitally or physically written material.,AcrossX Profile,AcrossX Profile
Page,"Represents an area, typically a web page, that is representative of, and generally managed by a particular entity. Such areas are usually dedicated to displaying descriptive information about the entity and showcasing recent content such as articles, photographs and videos. Most social networking applications, for example, provide individual users with their own dedicated ""profile"" pages. Several allow similar types of pages to be created for commercial entities, organizations or events. While the specific details of how pages are implemented, their characteristics and use may vary, the one unifying property is that they are typically ""owned"" by a single entity that is represented by the content provided by the page itself.",Activity Streams Vocabulary,An Activity type used when leveraging the activity stream xAPI profile. 
Paragraph,"A distinct division of written or printed matter that begins on a new, usually indented line, consists of one or more sentences, and typically deals with a single thought or topic or quotes one speaker's continuous words.",TinCan Vocabulary,A list of vocabulary concepts originally created in the TinCan registry.
Performance,"A performance is an attempted task or series of tasks within a particular context. Tasks would likely take on the form of interactions, or the performance could be self-contained content.",Activity Streams Vocabulary,An Activity type used when leveraging the activity stream xAPI profile. 
Performance,"A performance is an attempted task or series of tasks within a particular context. Tasks would likely take on the form of interactions, or the performance could be self-contained content. It emphasizes students or learners being able to do, or perform, specific skills as a result of the instruction.",ADL Vocabulary,The ADL vocabulary list includes Verbs and Activity Types used to represent common learning experiences in xAPI.
Person,"Represents an individual person. This activity type is included for data conversion with Activity Streams, it's not recommended for use in new Tin Can statements. Agent should be used instead of person.",Activity Streams Vocabulary,An Activity type used when leveraging the activity stream xAPI profile. 
photo,"Represents objects such as  ""captured with a camera,"" for example, assignments captured with a camera.",HyFlex classroom profile,ActivityType
Place,"Represents a physical location. Locations can be represented using geographic coordinates, a physical address, a free-form location name, or any combination of these. Objects of this type MAY contain the additional properties specified in Section 3.5.",Activity Streams Vocabulary,An Activity type used when leveraging the activity stream xAPI profile. 
Place,"Represents a physical location. Locations can be represented using geographic coordinates, a physical address, a free-form location name, or any combination of these",GeoLocation,"This profile is for applications that use positioning to capture location-based events. Examples of positioning include the use of concepts such as proximity, altitude, latitude and longitude."
Playlist,A collection of resources or experiences grouped together as recommended resources by an individual. Generally used for informally curated resources rather than official collections such as an LMS course.,TinCan Vocabulary,A list of vocabulary concepts originally created in the TinCan registry.
preflight,Activities of this type represent a collection of checks a pilot must make prior to flying ,Example Flight Simulation Profile,ActivityType
Prerequisite_Competencies,"Prerequisite competencies are the essential skills, knowledge, or abilities that a learner must possess before engaging in more advanced learning activities or courses. These competencies ensure that the learner is adequately prepared to understand and succeed in subsequent, more complex topics.",p2881-core,placeholder
Prerequisite_Learning_Resources,"Prerequisite learning resources are materials or content that provide foundational knowledge or skills necessary before advancing to more complex topics included in the current learning resource. By completing the prerequisite learning resources, individuals are able to learn the essential background needed to understand and succeed in subsequent learning activities.",p2881-core,placeholder
Prerequisites,"Prerequisites are conditions or requirements that must be met before proceeding to a subsequent stage or activity. They ensure that individuals have the necessary background, skills, or knowledge to successfully engage in more advanced tasks.",p2881-core,placeholder
printed-assessment,"A written examination or test provided in paper form, and intended to be completed using a pencil or pen.",AcrossX Profile,ActivityType
printed-assessment,"A written examination or test that is provided in paper form, and intended to be completed using a pencil or pen.",BOLL Profile,ActivityType
printed-book,A written work or composition that has been physically printed on paper pages bound together.,AcrossX Profile,ActivityType
printed-worksheet,"A page or group of pages containing problems, exercises, or instructions for learning activities.",AcrossX Profile,ActivityType
procedure,A procedure is a sequence of steps that are followed systematically to achieve a task or make a decision.,Performance Support Profile,ActivityType
Procedure_Man_Hours,"In the Navy, procedure man hours refer to the total amount of labor time required to complete a specific procedure. This metric helps in planning, scheduling, and allocating the necessary personnel to ensure that maintenance or operational tasks are performed efficiently and effectively.",RRL_performance_support_video,placeholder
Procedure_MIP_Series,"In the Navy, a Procedure MIP Series refers to a set of Maintenance Index Pages (MIPs) that outline the scheduled maintenance tasks for specific equipment or systems. Each MIP in the series provides detailed instructions and intervals for performing maintenance, ensuring the equipment remains operational and reliable. The series helps organize and manage maintenance procedures systematically.",RRL_performance_support_video,Define MIPs
Procedure_Periodicity,"Procedure periodicity refers to the regular intervals at which a specific procedure is performed. This concept is crucial in maintenance, healthcare, and various other fields to ensure tasks are completed consistently and on schedule.",RRL_performance_support_video,placeholder
Procedure_Rates,Refers to the Navy Ratings that perform specific maintenance or operational procedures.,RRL_performance_support_video,possibly find a way to remove in Navy
Procedure_Title,"A procedure title is the name given to a specific procedure or set of instructions. It provides a clear and concise description of the procedure’s purpose, helping users quickly understand what the procedure entails.",RRL_performance_support_video,May end up being competency
Procedure_Total_Man_Hours,"In the Navy, procedure total man hours refer to the cumulative amount of labor time required to complete a specific procedure. This metric is essential for planning, scheduling, and allocating the necessary personnel to ensure that maintenance or operational tasks are performed efficiently and effectively.",RRL_performance_support_video,Unsure how this is different?
Process,"Represents any form of process. For instance, a long-running task that is started and expected to continue operating for a period of time.",Activity Streams Vocabulary,An Activity type used when leveraging the activity stream xAPI profile. 
Proctor,Proctor refers to an individual who supervises and monitors students during a learning event to ensure that the rules and regulations are followed. The proctor’s role is to maintain the integrity of the event and provide assistance with procedural questions.,p2881_learning_event,placeholder
Product,Represents a commercial good or service. Objects of this type MAY contain an additional fullImage property whose value is an Activity Streams Media Link to an image resource representative of the product.,Activity Streams Vocabulary,An Activity type used when leveraging the activity stream xAPI profile. 
profile,A profile is an activity that defines a set of rules and recommendations for generating xAPI statements for a particular domain. The inclusion of a profile activity in a statement identifies that statement as following the rules outlined in the profile.,SCORM Profile,ActivityType
program,A collection of activities such as courses and work items that collectively define a specific goal or career.,BOLL Profile,ActivityType
Project,"A project is a specific plan or set of tasks with a common goal. It can have subtasks and subgoals, resources, etc..",TinCan Vocabulary,A list of vocabulary concepts originally created in the TinCan registry.
Project Site,"A site, perhaps within a project management tool or social platform, used to manage a particular project.",TinCan Vocabulary,A list of vocabulary concepts originally created in the TinCan registry.
Publisher,"The publisher indicates the entity or individual responsible for making a learning resource available for consumption. It specifies who has issued or distributed the content. For example, a book might be published by a specific publishing house, or an article might be published by a particular magazine or website.",p2881_learning_resource,placeholder
quest,A accomplishable challenge or mission presented inside a game. Completing quests marks the players' progress.,Serious Games Profile,ActivityType
Question,Represents a question or a poll. Objects of this type MAY contain an additional options property whose value is an Array of possible answers to the question in the form of Activity Stream objects of any type.,Activity Streams Vocabulary,An Activity type used when leveraging the activity stream xAPI profile. 
Question,"A question is typically part of an assessment and requires a response from the learner, a response that is then evaluated for correctness.",ADL Vocabulary,The ADL vocabulary list includes Verbs and Activity Types used to represent common learning experiences in xAPI.
Recipe,"A recipe is an Activity that is used in the Context Activities ""category"" property of a Statement to indicate that the Statement is part of a pre-defined model that can be expected to have certain properties, object identifiers, or structure. Statements adhering to a particular recipe are recognizable by reporting systems for the purposes of testing, interoperability, etc.",TinCan Vocabulary,A list of vocabulary concepts originally created in the TinCan registry.
Registration_End_Date,"Registration end date refers to the specific day on which the process of enrolling or signing up for a course, event, or program concludes. It marks the closing of the registration period.",p2881_course_profile,placeholder
Registration_Start_Date,"Registration start date refers to the specific day on which the process of enrolling or signing up for a course, event, or program begins. It marks the opening of the registration period.",p2881_course_profile,placeholder
Remote Lab Experiment,A remote lab experimentation is the act of experimenting with a real lab apparatus through the Internet.,TinCan Vocabulary,A list of vocabulary concepts originally created in the TinCan registry.
Research Report,A research report from a government organization or other authoritative body giving information or proposals on an issue.,TinCan Vocabulary,A list of vocabulary concepts originally created in the TinCan registry.
Resolution,"Resolution refers to the clarity or detail of an image or video, typically measured in pixels. Higher resolution means more detail and sharper images, while lower resolution results in less detail and blurrier images.",p2881_technical_information,placeholder
Resource,"A resource is a generic item that the actor may use for something. It could be a video, a text article, a device, etc. However, it is recommended to use a more specific activity type like those mentioned.",TinCan Vocabulary,"May or may not be expendible, may want two definitions"
Review,Represents a primarily prose-based commentary on another object. Objects of this type MAY contain a rating property as specified in Section 4.4.,Activity Streams Vocabulary,An Activity type used when leveraging the activity stream xAPI profile. 
Review Publication,http://xapi.org.au/contentprofile/activitytype/review_publication,Unowned,A list of vocabulary concepts originally created in the TinCan registry.
Reward,Refers to a compensation that the actor wants to get for achieving something.,TinCan Vocabulary,A list of vocabulary concepts originally created in the TinCan registry.
Safety_Factors,"Safety factors refer to the precautions and measures that need to be considered to ensure the safety of individuals and resources during a particular event or when using a specific resource. These factors help identify potential risks and implement strategies to mitigate them, ensuring a safe environment.",p2881_technical_information,placeholder
Sales Opportunity,"Represents a sales opportunity, such as one might create in a CRM tool.",TinCan Vocabulary,A list of vocabulary concepts originally created in the TinCan registry.
Scenario,"Scenario - scenario based learning - is delivering the content embedded within a story or scenario rather than just pushing the content straight out. Usually a story or a situation is presented to ask for learner's action, feedback or branching follow. In this way learners see how the learning is applied to job environments or real world problems.",Activity Streams Vocabulary,Define use case
Scenario,"Scenario - scenario based learning - is delivering the content embedded within a story or scenario rather than just pushing the content straight out. Usually a story or a situation is presented to ask for learner's action, feedback or branching follow. In this way learners see how the learning is applied to job environments or real world problems.",TinCan Vocabulary,Define use case
Scenes,"Scenes are distinct parts of a play, movie, book, or other narrative work where a specific set of events occurs in a single location and time frame. They help to organize the story into manageable segments, making it easier for the audience to follow the plot.",p2881_technical_information,placeholder
School Assignment,"A school task performed by a student to satisfy the teacher. Examples are assessments, assigned reading, practice exercises, watch video, etc.",TinCan Vocabulary,A list of vocabulary concepts originally created in the TinCan registry.
SCORM Activity Attempt State,"The SCORM Activity Attempt State Object contains the state data for the specified attempt on an Activity. It has the following properties: credit, mode, location, preferences, total_time, and adl_data.",SCORM Profile,SCORM Profile
SCORM Activity Profile,Used to store document data associated with the activity and not intended to capture learning experience data in the form of a statement. The SCORM Activity Profile Object contains the profile data for the specified Activity.,SCORM Profile,SCORM Profile
SCORM Activity State,Used to store document data associated with the activity and not intended to capture learning experience data in the form of a statement. The SCORM Activity State Object contains a list of Attempt IRIs for the specified Activity.,SCORM Profile,SCORM Profile
SCORM Agent Profile,"The SCORM Activity State Object contains the profile data for the specified Agent. The agent profile has three properties: learner_id, learner_name, and preferences. ",SCORM Profile,placeholder
screen,"A game screen where a concrete game task is developed. Games are usually composed by a set of screens the player navigates. A screen has a concrete function within the game. A screen contains a menu, or the gameplay. To define virtual zones inside the game world, it is recommended to use area or zone.",Serious Games Profile,ActivityType
search-engine,A software program that searches a database and gathers and reports information that contains or is related to specified terms.,AcrossX Profile,ActivityType
second device,"A supplementary device for participating in hyflex classes. For example, there is a pad for drawing.",HyFlex classroom profile,ActivityType
Section,"It's to indicate the section this statement is related to, used for ebook in AcrossX.",AcrossX Profile,AcrossX Profile
Section,"A section of an application or platform. For sales performance app might be divided into client demo, learning materials and reference documents sections.",TinCan Vocabulary,A list of vocabulary concepts originally created in the TinCan registry.
Section,"A section of an application or platform. For sales performance app might be divided into client demo, learning materials and reference documents sections.",TinCan Vocabulary,A list of vocabulary concepts originally created in the TinCan registry.
Security Role,A feature that enables system administrators to restrict system access and manage access on a per-user or per-group basis.,TinCan Vocabulary,Define role
Series,http://xapi.org.au/contentprofile/activitytype/series,Unowned,Math of an ordered set
serious-game,"A game designed for a primary purpose other than pure entertainment. For instance, an educational game or a game-like simulation. A serious game is the root container for the rest of game elements.",Serious Games Profile,ActivityType
Service,"Represents any form of hosted or consumable service that performs some kind of work or benefit for other entities. Examples of such objects include websites, businesses, etc.",Activity Streams Vocabulary,An Activity type used when leveraging the activity stream xAPI profile. 
Simple Collection,"It is a collection of items of the same activity type, for example, a collection of games. The collection can be generic, that is, the activity type of the items can be specified using the extension 'collection type', but it is optional.",TinCan Vocabulary,Define set (math)
Simulation,"A simulation is an attempted task or series of tasks in an artificial context that mimics reality. Tasks would likely take on the form of interactions, or the simulation could be self-contained content.",ADL Vocabulary,The ADL vocabulary list includes Verbs and Activity Types used to represent common learning experiences in xAPI.
Simulation Session,Activities of this type represent a block of time during which a Learner engaged with / within a simulation,Example Flight Simulation Profile,ActivityType
Simulation Session,https://profiles.adlnet.gov/xapi/917114b6-71b4-4fcd-b6d3-892890594446/activitytype/Preflight,Flight Simulation Session,A list of vocabulary concepts originally created in the TinCan registry.
Simulation Session,Flight Simulation Session,Orphan Container Profile,ActivityType
Simulation Session,https://profiles.adlnet.gov/xapi/adl/flight-sim-example/activitytype/simulation-session,Unowned,Orphan Container Profile
Slide,Slides are defined as a single page of a presentation or e-learning lesson.,TinCan Vocabulary,A list of vocabulary concepts originally created in the TinCan registry.
Slide Deck,A deck of slides generally used for a presentation.,TinCan Vocabulary,A list of vocabulary concepts originally created in the TinCan registry.
Solution,"Refers to the answer for a doubt that provides a solution. If the answer is not a solution, it should be coded as answer, or if it is just a comment, as comment.",TinCan Vocabulary,A list of vocabulary concepts originally created in the TinCan registry.
Source,"Used with activities within the Context Activities ""category"" property of a Statement. Indicates the authoring tool, template or framework used to create the activity provider. This may help reporting tools to recognise that that data has come from a particular origin and handle the data correctly based on that information.",TinCan Vocabulary,"""start point"" and ""end point"" basically, so why not use source and destination"
speak,Indicates the actor is speaking.,HyFlex classroom profile,ActivityType
Squadron,"A squadron is a principal organizational unit in the Air Force, typically comprising a number of aircraft and their aircrews, usually of the same type. Squadrons also include non-flying units such as maintenance, communications, or medical teams. Squadrons are the basic building blocks of larger units, such as groups and wings.",Target_Audience,placeholder
Standards Document,"A document whose content has received endorsement by a recognised authority and provides requirements, specifications, guidelines or characteristics that can be used consistently to ensure that materials, products, processes and services are fit for their purpose",Unowned,define standards
Start_Date,"Start date refers to the specific day on which an event, project, or activity begins. It marks the commencement of a period or schedule.""",p2881_learning_event,A list of vocabulary concepts originally created in the TinCan registry.
Status Update,A status update e.g. on a social platform.,TinCan Vocabulary,context social?
Step,"A step is one of several actions that the actor has to do to achieve something, for instance, a goal or the completion of a task. For instance, a method, strategy or task could be divided into smaller steps.",TinCan Vocabulary,A list of vocabulary concepts originally created in the TinCan registry.
Step_Number,"In the Navy, a step number refers to the specific sequence number assigned to each individual action or task within a procedure. This numbering helps ensure that tasks are performed in the correct order, enhancing clarity, efficiency, and safety during the execution of maintenance or operational procedures.",RRL_performance_support_video,placeholder
Step_Order,"In the Navy, step order refers to the specific sequence in which individual actions or tasks within a procedure must be performed.",RRL_performance_support_video,placeholder
Strategy,"A strategy is a plan or method for achieving any specific goal, and can be formed by a group of steps.",TinCan Vocabulary,considered proposed
Subcategory,"Activity generally used in the ""category"" Context Activities lists to mark a statement as being related to a particular subject area. Distinct from tag in that it is used in conjunction with Category to imply a hierarchy of categorization.",TinCan Vocabulary,"The notion of a category being below another isn't important, it is about membership in a set.  It would simply be a member of a larger set and a smaller set."
Subject,"A subject refers to a broad area or field of knowledge that encompasses various specific topics. It represents the overarching theme or concept within which different aspects and subtopics are explored. For example, 'Mathematics\"" is a subject that includes topics like algebra, geometry, and calculus.",p2881-core,placeholder
Subject_Grade_Level,Subject grade level refers to the specific grade or educational stage at which a particular learning resource is targeted. It indicates the complexity and depth of the subject matter appropriate for students at that grade level.,p2881_learning_resource,placeholder
Subject_Reading_Level,"Subject reading level refers to the complexity and difficulty of reading materials within a specific subject area, tailored to match the reading abilities of the intended audience. It helps ensure that the content is appropriate for the reader's comprehension skills, facilitating effective learning and understanding.",p2881_learning_resource,placeholder
Suggestion,A posted suggestion or idea. Typically these are things that can be discussed and/or voted on.,TinCan Vocabulary,Have to deconflict suggestion vs order
Survey,A survey where the respondent answers questions.,TinCan Vocabulary,"Not mentioning assessment (if can negate assessment here, better)"
Survey,"A poll, question or set of questions posed of one or more participants to determine their viewpoints or the manner in which they act.",xAPI Content Repository,"This is a profile for describing content repository items and interactions with content items. These include materials published to CMS, LMS etc. It provides new terms and also alternatives to terms that otherwise are found only in deprecated profiles such as Activity Streams 1.0."
Syllabus,"Syllabus refers to an outline or summary of the topics, objectives, and materials to be covered in a course or educational program. It typically includes information about assignments, readings, exams, and important dates, providing students with a roadmap of what to expect throughout the course.",p2881_course_profile,consider metadata instead of properties
syllabus event,"Any individual academic lesson, ground training lesson, aircraft sortie, or simulator sortie. These are the fundamental building blocks of the syllabus and are assigned a lesson designator key (e.g. “IN101”, “FT5002”). A unit may have one or more events.  ",Syllabus Events,ActivityType
syllabus phase,A major division of the training program. A training program may have one or more phases.,Syllabus Events,"just phase, syllabus does nothing"
syllabus unit,One “block” of training within a syllabus phase. Phases may have one or more unit of training.,Syllabus Events,ActivityType
tag,Activity generally used in the other or grouping Context Activities lists to mark a statement as being related to a particular subject area. Implemented as a one word identifier used for search filtering or tag cloud generation.,TinCan Vocabulary,ActivityType
Task,Represents an activity that has yet to be completed. Objects of this type can contain additional properties as specified in Section 3.6.,Activity Streams Vocabulary,placeholder
Task,A task is a collection of steps that results in a specific performance outcome.,Performance Support Profile,The Performance Support Profile was created to identify and standardize the common types of performance support concepts and interactions that can be tracked with xAPI.
Teaches,"Teaches means to impart knowledge, skills, or information to someone through instruction, demonstration, or guidance. It involves helping others learn and understand new concepts or abilities.",p2881-core,define opportunity
Technical Report,http://xapi.org.au/contentprofile/activitytype/technical_report,Unowned,placeholder
Technical_Document_ID,"A Technical Document ID is a unique identifier assigned to a specific technical document. This ID helps in organizing, tracking, and referencing the document within a system or database, ensuring that it can be easily accessed and managed by users and stakeholders.",RRL_performance_support_video,placeholder
Technical_Requirements,"Refers to the specific technical specifications and resources needed to ensure successful execution. These requirements can include hardware (e.g., computers, projectors), software (e.g., learning management systems, presentation tools), internet connectivity, and other technical support elements necessary to facilitate the learning experience.",p2881_technical_information,define logistics
test data batch,A test data batch is an Activity that is used in the Context Activities category property of a Statement to indicate that the Statement is part of a particular collection of test data. The Id of this Activity represents a single collection of test data e.g. the data generated for a particular test or by a particular tool.,TinCan Vocabulary,define artificial
Thesis,"A long essay involving original research that has been written by a candidate for a university degree, usually at postgraduate level. For avoidance of doubt, this Activity Type should not be used to refer to an hypothesis or theory itself and refers to a written thesis.",Unowned,Content Repository
Three Dimensional Model,"A physical construction or a three&ndash;dimensional graphical depiction of an object or concept in such a way that three dimensions (such as height, width and depth) are measurable.",Unowned,placeholder
Thumbnail,"A thumbnail is a small, reduced-size version of a larger image or video, used to help recognize and organize content. Thumbnails serve as visual previews, making it easier to browse and select items from a collection.",p2881-core,placeholder
Time_Required,"Time required refers to the amount of time needed to complete a specific task or activity. It indicates how long something will take from start to finish. For example, if you have a class that is held weekly for 90 minutes over 9 weeks, the Time Required is 810 minutes. In this example, the duration is 9 weeks.",p2881_learning_resource,placeholder
Title,"A title is the distinct name given to a learning resource or event, such as a book, movie, a webinar, or piece of music. It serves as a descriptive heading that identifies and distinguishes the work from others.",p2881-core,placeholder
touchscreen,A screen the player can touch or press.,Serious Games Profile,ActivityType
training program,"An entire program of U.S. Air Force flying instruction, such as T-6A Undergraduate Pilot Training (UPT) or T-38C Fighter Bomber Fundamentals (FBF). ",Syllabus Events,ActivityType
tutor session,This represents a tutoring session.,TinCan Vocabulary,Do we mention informal?  Not a class?
tweet,A short message sent on Twitter. Used with the 'tweeted' verb.,TinCan Vocabulary,Twitter domain
underline annotation,An annotation of the underline type. Underlines are used to mark strings of text in a document with a line underneath the text. This activity type should only be used for underlined text and not for images or other elements.,PDF Annotator,ActivityType
unit test,A unit test in a test suite that is part of a programming project.,TinCan Vocabulary,ActivityType
unit test suite,Suite of unit tests used by a programming project.,TinCan Vocabulary,ActivityType
Uploaded Response,Identifies the attachment as an interaction response from the learner in the form of an uploaded file. ,Unowned,placeholder
Use_Rights,"Use rights refer to the legal permissions granted to an individual or entity to utilize a resource, property, or intellectual property in a specified manner. These rights define how, when, and under what conditions the resource can be used.",p2881_learning_resource,placeholder
user profile,A page displaying information about a user.,TinCan Vocabulary,ActivityType
User_Technical_Requirements,"User technical requirements refer to the specific technical needs and specifications that must be met to ensure a system, software, or service functions effectively for its intended users. These requirements can include hardware specifications, software compatibility, network connectivity, and other technical aspects that support the user experience.",p2881_technical_information,placeholder
Version,"A version is a specific form or variant of something that differs from other forms of the same thing. It can refer to different editions of a product, software, document, or creative work, each with unique features or updates.",p2881_learning_resource,"Could say it is part of the software identifier, but I think a new version makes a new software id"
Video,A recording of audible and visual content intended to be shown on a video display.,AcrossX Profile,AcrossX Profile
Video,Represents video content of any kind. Objects of this type MAY contain additional properties as specified in Section 3.1.,Activity Streams Vocabulary,An Activity type used when leveraging the activity stream xAPI profile. 
Video,A recording of both the visual and audible components made available on a display screen.,Video Profile,The video profile of the xAPI was created to identify and standardize the common types of interactions that can be tracked in any video player.
virtual classroom,Consists of a live classroom session conducted online.,Orphan Container Profile,ActivityType
virtual classroom,Consists of a live classroom session conducted online.,Virtual classroom,ActivityType
vocabulary word,"Refers to a word that the learner defines or translates. The vocabulary word can be part of a collection. that is part of a vocabulary collection. An actor can use more than one vocabulary collection, for instance, for several languages or several topics. Besides the “name” (the word) and a “description” (meaning or translation), we recommend the use of moreInfo to link to a definition in an online dictionary. As an option, you can use the extension tags to classify the words.",TinCan Vocabulary,ActivityType
voicemail,"A recorded audio message left for someone, generally via a phone or similar communication system.",TinCan Vocabulary,ActivityType
webinar,A seminar conducted over the Internet which may be live or recorded.,TinCan Vocabulary,ActivityType
webpage,A web document (usually HTML-based) accessible by anyone connected to the internet and by using a web browser.,AcrossX Profile,ActivityType
whisper,A message sent privately.,HyFlex classroom profile,ActivityType
Working Paper,A preliminary scientific or technical paper or preprint. Working papers are often distributed in order to promote discussion or elicit feedback prior to redrafting the report for formal publication ,xAPI Activity Type,cmi5 Profile
zone,"An identified zone inside an area of the game world. A zone is inside an area, and defines a logic self-contained place.",Serious Games Profile,ActivityType
